model,accuracy,precision,recall,specificity,f1_score,mcc,auc_roc
SVM,0.8739622641509434,0.8880187940485513,0.8558490566037736,0.8920754716981132,0.8716372021521906,0.7484157824345419,0.9356348878604486
GB,0.8584905660377359,0.8665123456790124,0.8475471698113207,0.8694339622641509,0.8569248378481495,0.7171529221370997,0.9288905660377359
RF,0.8845283018867924,0.8910207214121258,0.8762264150943396,0.8928301886792452,0.8835616438356164,0.7691626344966322,0.9503498754004984
