ID,sequence,Length,MW,Charge,ChargeDensity,pI,InstabilityInd,Aromaticity,AliphaticInd,BomanInd,HydrophRatio
seq_A_unknown,FLPLLAGLAANFLPTIICSIP,21.0,2183.71,0.836,0.000382834717064079,8.759765625,19.33809523809524,0.09523809523809523,162.8571428571428,-1.9219047619047618,0.6666666666666666
seq_B_potential_AMP,GIGKFLHSAKKFGKAFVGEIMNS,23.0,2465.93,4.03,0.0016342718568653613,11.15673828125,-0.10434782608695584,0.13043478260869565,72.17391304347825,0.41913043478260864,0.43478260869565216
seq_C_long_peptide,MSKGEELFTGVVPILVELDGDVNGHKFSVSGEGEGDATYGKLTLKFICTTGKLPVPWPTLVTTLTYGVQCFSRYPDHMKQHDFFKSAMPEGYVQERTIFFKDDGNYKTRAEVKFEGDTLVNRIELKGIDFKEDGNILGHKLEYNYNSHNVYIMADKQKNGIKVNFKIRHNIEDGSVQLADHYQQNTPIGDGPVLLPDNHYLSTQSALSKDPNEKRDHMVLLEFVTAAGITLGMDELYK,238.0,26841.14,-6.962,-0.00025937795488567176,5.6640625,30.97899159663866,0.10084033613445378,78.15126050420167,1.658529411764706,0.3277310924369748
